WordId,Word,TextRankScore
681,camera,0.842548
1063,took,1.143127
39,question,4.370950
29,#presidentialdebate,1.617510
297,candidate,1.998159
3846,enough,1.248943
2587,true,0.895515
4241,meaning,0.400097
33,control,1.801248
35,higher,1.256326
958,mention,2.188482
745,schools,1.037866
145,presidential,4.524567
1262,streaming,0.215225
203,hair,2.133771
1327,amazing,1.664872
4,obama,11.059035
4005,politicians,0.407287
2044,su,1.196486
2047,en,2.338087
352,gonna,1.740124
286,lmao,1.182588
689,tweets,0.531923
854,flowing,0.573849
4698,carries,0.602713
128,love,2.242613
1623,shows,1.220972
825,voters,2.398811
303,education,4.737736
700,best,2.023320
460,now,4.834858
3110,dats,0.577706
1711,offering,0.938649
2401,actual,1.719450
5075,filthy,0.770925
351,rich,1.029490
81,thought,0.608471
2488,family,1.166992
430,second,0.618953
475,hmm,0.345130
477,#potus,1.273353
220,ready,3.410135
2487,t,0.223839
874,funny,0.941171
2349,millions,0.420868
70,got,3.621099
5151,chills,0.737554
195,saying,2.118450
1985,slick,0.646852
91,energy,1.865933
2851,waste,0.386413
3522,#ronpaul,0.397832
403,#mittromney,1.304816
2399,moment,0.584603
1085,opens,0.773128
1187,w,4.291758
5508,replace,0.438808
14,one,6.233132
5554,pregnant,0.568501
654,mittens,1.573917
1845,sweet,1.586259
957,strong,1.438367
2468,bc,0.827957
11,private,1.552846
1448,clue,0.257907
747,vote,2.278511
8,seen,2.027409
810,drinking,1.552627
6729,fellow,0.693365
291,good,4.092399
197,stand,0.446501
20,romney,11.400489
196,said,3.431009
5108,obummer,0.423573
714,english,0.454676
69,parents,1.378652
497,work,2.381894
1942,similar,0.544355
701,wishes,0.559922
179,michelle,3.759110
2467,mentions,1.448685
87,approach,1.503271
141,#denverdebate,3.370501
635,#tcot,3.988712
631,tough,0.796679
1715,went,1.233775
169,small,0.743224
191,already,3.205308
322,tomorrow,1.389108
599,morning,0.742402
193,omg,0.525997
2690,socialist,0.938804
111,country,1.854149
582,awesome,0.467154
5002,dodging,0.442997
1084,#nobama,1.306383
183,go,2.685047
132,many,3.015590
702,wonderful,0.633571
444,ppl,1.164794
409,running,1.447530
5797,accomplish,0.368929
4020,washington,1.055369
1640,#fraudward,0.361977
1066,#p2,0.961042
299,talk,2.134785
3901,touched,0.737455
1343,sense,1.337883
5307,strength,0.382594
368,smaller,1.088200
1858,drink,1.542141
3714,bacardi,0.395523
2754,patriotic,0.173499
816,something,4.613643
396,way,1.964620
54,start,2.434887
606,home,1.277999
1478,aint,0.813498
795,co,0.775132
60,watch,4.107891
7065,iron,0.290200
733,news,1.808425
162,barack,4.649986
3179,enter,0.286492
142,time,2.114761
8312,acceptable,0.871332
1827,#cnndebate,1.275818
127,talks,0.906103
22,fucking,0.935921
88,idiot,1.719299
1379,la,2.043633
4550,lo,1.024526
138,income,1.281971
732,county,0.672587
734,#teaparty,0.993568
130,fact,1.236804
3035,scary,0.743366
553,make,4.539484
244,#obama,1.565463
2020,teleprompter,0.993058
102,fuck,1.561902
101,voting,1.036157
100,even,2.589357
3343,#obamacare,0.593851
358,relatable,0.431904
638,create,1.762473
1024,slots,0.529023
1577,add,0.394035
10,jobs,5.665187
3379,counters,0.578040
1970,remembering,0.295167
146,debates,3.214327
704,celebrating,0.487321
1071,front,2.212923
584,debating,1.259375
5526,3rd,1.183420
1969,test,0.722157
886,win,0.911533
2342,gop,1.465484
2639,close,0.699385
1248,deficit,1.248811
114,ideas,2.132893
115,hiring,0.766262
878,speech,3.562311
148,set,0.580771
3501,segment,0.626173
139,stein,0.940267
2925,closing,1.109340
50,#debates,6.416638
3484,ooh,0.756372
888,dig,0.613158
2087,loves,1.108041
1866,questions,1.932263
1364,human,1.065580
1002,wanna,1.546088
19,mitt,8.299391
951,asked,1.530682
1284,respond,1.005217
915,big,1.570560
2508,city,1.043565
387,america,2.775834
7956,loving,0.315524
1109,guy,1.845420
2347,mad,0.550971
738,weird,0.578889
2190,hearing,1.474279
800,specific,1.786627
495,help,2.693932
1684,educational,0.770265
1702,met,1.230228
2845,named,1.316376
118,years,2.982254
4032,loss,0.978941
137,low,3.374611
5245,promised,0.307462
1294,personal,2.328991
1354,convincing,0.335404
677,patriotism,3.106842
4515,difficult,0.382112
1397,romneys,1.701301
1032,spending,1.250281
129,live,3.865352
7066,iphone,0.445924
600,needs,2.797957
445,stay,0.680553
933,oh,2.095836
3038,#presidentialdebates,0.383928
175,sound,2.338099
983,ok,1.546702
652,invest,0.992912
849,gets,1.309772
1779,catch,0.361799
1905,respect,0.326777
3290,oil,1.240474
453,race,3.158123
6088,#teamsnark,0.520636
3254,ole,0.674143
1229,screen,1.217105
7,weve,1.054241
1914,#garyjohnsonforpresident,1.025458
309,support,1.103494
336,government,3.296603
1918,johnson,0.912193
1917,gary,0.772958
1780,phrase,1.181922
406,business,1.328741
182,anniversary,5.715913
4537,barak,1.360136
5622,vagina,0.470255
18,actually,3.673764
552,stupid,0.396892
3385,name,1.335629
1712,solutions,1.968525
1266,#mitt2012,0.626762
3482,distract,0.287619
3741,current,0.864464
3891,dung,0.503184
1682,laugh,1.317505
2983,usa,0.857529
2010,el,3.186312
2956,como,0.602003
2954,reducir,0.450345
2373,graph,0.962834
1283,undecided,2.557860
2959,apoyar,0.325900
338,teachers,3.560034
4057,attend,0.747885
835,school,1.432783
205,looks,3.084424
2152,shook,0.398586
2726,doe,0.745032
4225,confident,0.657663
339,give,2.104049
56,shit,2.513692
216,looking,1.780103
3455,friendly,0.233306
80,tie,4.345639
4446,refer,0.575243
1453,applause,2.201635
1454,rules,0.992404
1500,ran,0.251402
3436,podium,0.216551
5192,boys,0.798360
3435,matches,0.960319
3227,reforms,0.313093
402,#jobs,0.896210
3117,join,1.470007
1099,state,0.806804
6166,fantasy,0.984645
1124,football,0.781331
815,#mitt,0.288642
5450,season,1.260703
2184,coming,1.347976
2058,handshake,0.987780
858,gay,1.275621
628,gotta,0.859047
226,r,1.081827
382,us,5.055153
765,taking,2.598166
3641,book,1.459220
498,household,0.557934
471,says,2.769513
2931,brain,1.595195
3937,reducing,0.731410
678,use,2.245393
860,women,1.660414
665,economy,2.778846
5751,information,0.720704
1910,terrible,0.721453
919,speaker,1.409191
270,always,1.688910
1580,colleges,1.280760
1968,passes,0.396268
246,1st,1.834725
3502,jill,0.579768
6609,delivery,0.576480
2326,sex,0.455702
1908,fooled,0.282509
1383,lies,1.829299
619,campaign,2.172638
618,part,1.052766
1543,room,0.734557
4064,tells,1.407650
2870,clear,1.436007
2068,af,1.087984
42,sure,4.121664
2765,fun,0.797644
948,play,1.320083
1,tweeting,1.357472
3034,biased,0.564904
802,places,0.802615
391,class,2.887356
857,rights,0.926653
177,starts,1.394613
853,trash,1.044371
1412,#beinformed,0.238881
238,#election2012,1.585598
3532,worn,0.562936
3817,larger,0.418726
323,romney's,4.670873
2337,yah,0.226852
819,#zingers,0.442630
1302,couple,1.703519
1303,un,0.428527
1366,lapel,0.812209
360,mrs,1.935429
828,o,2.807273
466,gave,1.593895
565,anyone,2.086443
5023,#obamanation,0.412481
5022,idgaf,0.382791
2110,hurting,0.637752
2033,dat,1.314256
1762,bush,2.622045
3013,bloods,1.134027
2903,rooting,0.604387
1244,costs,0.555433
596,bummed,0.160097
1080,cute,1.363919
956,wit,0.790482
2243,letting,0.457826
1871,speak,1.804670
2051,para,1.715194
3940,te,0.638708
1098,blue,2.926700
273,come,1.033235
417,keep,2.880098
729,party,2.745767
167,thats,1.489957
597,prove,0.354418
771,someone,2.206166
1686,boost,0.644854
1051,production,1.030943
1185,chicago,1.003767
3251,whose,0.855982
3252,unemployment,1.555511
675,new,3.144919
3096,buzz,0.543814
1865,michelle's,1.135570
181,wedding,1.358706
1102,happen,0.398780
3350,court,0.967690
5225,oct,0.799702
5226,16th,0.888991
38,right,3.347605
6387,holler,1.119666
709,potus,1.798048
4189,center,0.760291
259,s,1.818165
410,path,1.307713
2794,offered,0.923944
1515,remarks,0.558404
670,touch,1.338684
95,done,2.300540
97,#romneyryan2012,2.126606
98,#obamaisntworking,0.558652
432,talking,3.182428
4058,#forward2012,0.333004
1444,connect,0.418432
1446,level,0.385466
4400,wore,0.943393
539,focus,1.774823
5407,explains,0.322048
703,open,1.317826
76,fight,1.777986
1464,stories,1.989882
4253,brings,0.859706
256,marriage,1.915549
1188,detroit,0.517351
861,progress,1.175837
425,tonight,3.173926
1126,creation,0.518397
173,key,0.394174
6576,dancing,0.408159
1249,change,1.640505
3578,reduce,0.652642
914,bit,1.055776
1651,high,1.279612
404,knows,0.819976
2039,issues,1.522527
1213,interested,0.750360
2991,jim,1.897877
1616,remember,0.951529
463,original,0.726080
504,nigga,2.094216
909,hand,0.813172
1825,gone,0.479126
528,run,1.550955
3924,#debatefest,0.293801
867,lets,1.494444
6283,ta,0.247516
1065,less,1.751944
24,wonder,0.977435
1116,used,1.767428
2428,#essencedebate,0.662307
64,#obama2012,3.497898
6111,colored,0.363411
2527,union,1.241289
789,program,2.034363
890,ill,0.586182
1281,story,1.017008
1010,mitt's,1.276749
1851,empathy,1.108812
302,improve,2.016369
4119,#education,0.291929
3026,mix,0.398356
61,social,1.075501
5564,corner,0.876294
9,million,2.510491
58,students,1.427599
140,#occupythedebates,0.320224
3877,pepper,0.723557
395,different,3.057675
4181,rephrasing,0.227265
431,opening,2.587686
1857,rule,1.314186
545,club,0.451082
213,look,2.690811
320,points,2.905792
1097,states,1.038976
2369,feels,0.438262
385,wants,2.071140
837,cant,0.654352
2035,em,1.265056
1869,clinton,0.595200
960,pro,0.336083
668,term,0.623061
722,trickledown,1.894802
4547,entre,0.719812
2921,breast,0.689631
484,house,1.788453
485,episode,0.852434
1933,lying,0.687375
428,ass,3.076380
985,everyone,2.230437
7218,cheer,0.538853
515,times,0.760044
17,people,3.718071
824,allow,1.082402
13,created,1.431604
3888,ignore,0.615396
783,brown,2.069546
778,idea,0.837919
2171,future,2.277636
319,point,2.277345
5374,daily,0.878674
551,self,0.849171
1518,#debatewatch,1.799048
801,sorry,1.265936
1800,men,1.801234
165,wife,4.854662
1070,telling,1.623625
312,wrong,1.831250
67,student,0.809826
318,trying,1.441213
1212,started,0.965863
178,wishing,2.383204
4644,eyebrow,0.465064
2104,following,0.355642
2442,debt,1.158860
6199,health,1.058942
1545,sexy,0.522965
1127,goes,0.890230
784,plan,3.713489
1785,increase,0.534355
1055,shouting,0.214771
367,supports,0.405223
370,comes,1.373025
474,won,1.068444
5669,lls,0.267970
380,realistic,0.365934
375,writing,0.918120
354,bad,1.682937
2282,programs,1.249651
2134,move,2.209006
341,shut,0.860101
176,haha,0.477718
2173,course,1.694985
507,joke,2.912943
5498,followed,0.354624
83,know,3.488456
1203,spend,1.539402
1382,community,1.794199
856,keeping,0.627843
180,happy,4.235495
4152,va,0.644616
4149,mejor,0.823837
4817,hoping,0.969150
549,much,1.690831
1554,left,0.910132
721,problem,1.659363
2728,nigger,0.371465
4313,leading,0.184215
2760,pell,1.309780
2654,grant,1.250216
1016,wait,1.136123
3548,classy,0.359072
2005,kissing,0.610774
818,uses,1.311056
920,word,1.012301
452,darn,0.364096
5569,speakers,0.754141
2239,posing,0.344907
156,debate,5.205648
5953,patriot,0.903949
2808,billionaire,0.549245
809,playing,1.263583
811,game,1.671296
52,stop,1.533015
1133,studying,0.685384
1134,il,0.738295
92,want,2.953716
7961,results,0.471213
1873,prepared,0.703103
160,statement,1.477995
1166,#nbcpolitics,0.989967
5723,congrats,0.155939
441,see,3.819550
3653,ruin,0.259333
4780,alright,1.108127
1510,lot,1.561697
2879,bush's,1.091989
120,really,2.879952
2592,parties,0.673486
1396,wear,0.991029
295,ties,2.174620
1817,correct,1.119131
636,solid,0.812557
1868,bill,1.072962
1705,heard,0.720200
3028,divorce,0.234047
530,nothing,0.751927
2230,wished,0.452033
3162,handed,0.358003
3826,reminded,0.989645
2222,tries,0.434889
3052,generation,0.722648
298,yes,1.726579
6970,massa,0.649950
1700,day,0.505025
4655,score,0.488285
697,boo,0.974120
1160,coverage,0.511564
1161,recommend,0.180495
2341,case,1.278396
2803,forget,0.993251
3079,prolly,0.642713
605,retirement,0.330597
1272,god,0.943376
94,say,2.833909
3461,passing,0.351454
1104,bigger,1.967267
2612,#latism,0.429782
7399,definition,0.769459
2614,info,0.346217
855,gives,0.919914
271,face,0.939965
427,kick,0.963728
1320,wow,1.798850
2040,line,1.769763
4783,pandering,0.604897
1108,seeing,2.197860
2147,yall,0.774778
1315,claims,0.311674
648,shout,1.975979
5721,net,0.382476
5634,dems,0.383959
261,real,3.036916
2934,breaks,1.024453
852,bet,0.793566
1557,public,1.817600
2242,yea,0.984821
472,thanks,1.369802
2244,cpd,0.511571
2912,loopholes,0.518696
2594,offer,1.482839
683,hell,1.501815
2041,advantage,0.584886
2157,#economy,0.423228
637,ways,0.415780
2999,addressed,0.316457
166,anything,1.924703
3032,sheep,0.205232
1386,wives,0.612186
208,governor,0.632284
2195,learn,1.010114
1542,sitting,0.905335
1339,head,1.140387
479,seems,2.550968
2113,rid,0.817712
232,denver,1.600457
231,university,1.290156
230,first,3.079842
90,agree,1.038914
1293,answering,1.148373
2668,adam,0.226774
1288,manufacturing,1.259339
258,owned,0.575684
7028,grass,0.738900
454,solution,0.645531
661,ya,1.232053
4365,girls,1.384302
381,take,3.354226
586,matter,1.131494
289,number,0.983244
5565,#jjp,0.491504
525,answers,0.749590
3627,pt,0.444978
770,reform,0.581418
3365,cnn,1.568912
1226,answered,0.867930
44,romantic,1.927302
2000,anytime,0.226478
907,damn,1.021593
304,system,2.011714
4071,given,0.456397
3780,silence,0.463368
535,americans,1.134890
3910,tebow,0.540650
693,starting,1.122182
3043,reagan,0.920417
1421,#gop,0.529540
2211,bring,2.178470
1562,super,0.560649
3947,100k,0.607672
2193,science,1.650102
790,called,1.872451
698,#presidentialdebate2012,0.318076
1990,subject,0.691432
5176,rom,0.422175
5177,anecdotes,0.687414
6454,econ,0.667887
229,policy,2.821092
717,bed,0.270830
1895,though,1.940232
2881,approval,0.659054
71,mean,1.404307
3483,quotes,0.730585
1650,laid,0.341907
350,taxes,0.926993
4214,pretending,0.809425
186,care,1.389959
2872,cnn's,1.010729
1863,crowd,1.108264
1995,cool,0.591045
1646,moderator,0.356343
672,mr,1.393638
2038,calls,0.900068
1137,follow,0.498022
426,retweet,0.684904
73,put,2.671387
5930,octagon,0.211414
241,mentioned,0.853284
566,believe,0.790845
103,#america,0.505799
285,cut,2.136998
942,night,2.717794
2888,arm,1.256356
2889,ohio,1.487870
7406,democracy,0.592326
2778,#ows,0.536327
2986,yep,0.334992
4420,heck,0.450937
1932,yo,0.341140
192,#teamobama,3.397233
4362,society,0.700800
2568,sign,0.699826
86,top,1.732627
5582,teacher,1.253140
4078,killing,0.768110
4609,millionaire,0.235636
214,man,2.416732
864,little,1.675758
2409,favor,0.597375
2781,challenger,0.584527
1286,specifics,1.775480
8086,iin,1.002537
8090,iyi,0.624124
4883,conversations,0.374706
284,tax,4.443893
4729,digging,0.699176
984,mess,0.940025
690,hate,1.277342
1769,seconds,0.403885
2155,sweetie,1.061188
8145,benefiting,0.468806
2136,2nd,1.295800
2006,hahaha,0.814449
1235,cause,0.993177
739,friend,0.519785
3898,ge,0.794128
572,20th,2.388684
5932,gift,0.309187
66,college,2.671905
3143,grants,0.469373
615,los,1.829091
2727,cunt,0.535853
2364,practicing,0.808207
2834,turning,0.636850
882,size,0.286678
389,creating,0.744323
1355,fox,0.581181
2582,lines,1.748543
293,color,1.314636
292,thing,2.038620
2753,growth,0.439136
2215,es,1.172697
2216,dnde,0.572964
1563,bowl,0.306507
1527,excited,0.794598
3494,#denverdebates,1.268861
1679,female,0.590109
1401,history,0.976894
5113,id,0.939763
27,speaking,1.454312
3496,facts,0.819091
200,ever,1.345741
2976,tuned,0.447467
1395,predicted,0.829676
3988,beat,1.208886
1928,rates,1.315923
4755,givin,0.792202
617,important,0.909704
172,dude,0.731768
1839,#excited,0.456856
3166,whoa,0.443993
4184,technical,0.920152
3560,advocates,0.258128
1815,healthcare,0.441399
1892,jacket,1.081220
2253,rolled,0.487600
4816,congratulations,0.600952
2371,green,0.909481
2372,yellow,0.421586
557,never,3.408518
2591,realize,0.596270
2456,congratulates,0.603438
4742,pair,0.488608
340,candidates,4.018247
45,place,3.016779
4256,#romneysucks,0.232791
3452,props,0.560207
3053,caring,0.432321
5747,hall,0.349628
2531,latinos,0.302909
6226,loved,0.465143
131,checks,0.637838
3273,kitty,0.556057
537,govt,1.479081
5492,thumb,0.643820
3249,earlier,0.419372
3685,hello,0.508365
2706,lucky,1.147151
4066,stare,0.478022
503,bitch,0.487319
2966,puts,0.325137
4186,#gopwatchparty,0.706316
699,pay,1.366774
4720,#yankees,0.202086
2196,heart,0.422617
4626,#romneyeconomy,0.727359
2335,fan,0.228797
666,great,3.111967
1473,lots,0.713025
1713,policies,1.789729
502,loans,1.446733
2366,streams,0.384277
2820,butt,0.462022
5032,cost,0.481957
939,yell,1.441668
5614,eachother,0.513468
1522,everytime,1.471245
296,confused,0.330091
4849,ignores,0.275255
121,well,2.695036
913,suit,1.068994
2492,raise,0.473972
1926,corp,0.763022
4697,average,0.897969
4114,mormons,1.015059
1976,promise,0.442382
1680,voter,1.405599
1477,everybody,1.302525
1204,plans,2.933286
3169,uhhhhhhhhh,0.356161
1311,creates,0.684634
3011,taught,0.645527
7494,band,1.014358
1992,folks,0.939961
4734,stronger,0.501184
5037,cont,0.537267
376,card,0.630995
6922,#expandthedebate,0.375505
12,sector,1.430335
5780,anger,0.587658
2105,random,1.123205
455,corporate,1.479797
2288,match,1.092692
6117,busting,0.990575
1597,defense,0.619776
1596,begins,0.803770
6234,branch,0.387769
2532,possible,0.322443
2705,ask,1.165006
6004,#lol,0.463305
6503,outfits,0.187269
41,#debate2012,3.830563
4082,congress,0.504342
3759,msnbc,0.697931
2506,authentic,1.288854
559,stage,0.911725
2657,minute,1.361746
1540,standing,0.464171
3545,destroyed,0.329005
236,wanted,1.123059
313,canadian,0.252243
883,american,3.284357
1724,aha,0.188813
2281,gov,1.169545
2988,comment,0.369838
2440,added,0.476401
40,going,3.045736
2203,guess,1.055259
3575,smfh,0.324485
1008,voice,1.180392
4216,opinions,1.377896
2544,nominee,0.425613
3339,cans,0.670477
99,#cantafford4more,1.120675
4586,barack's,0.970582
2320,claiming,0.462791
5133,introduce,0.231057
889,isnt,0.701229
3265,days,0.471237
3622,dayton,2.511376
3623,week,0.567887
62,media,1.187106
1531,unions,0.581239
6319,helps,0.487939
971,base,0.537220
1939,stream,0.919773
6490,battling,1.038087
6491,ideology,0.535477
4516,stem,0.539573
982,fix,0.394512
1060,definitely,0.942476
501,tuition,2.859935
7094,pee,0.616905
4202,pants,0.562501
5828,conversation,0.360462
8252,cray,0.489206
2776,austerity,0.574800
6586,begint,0.399551
986,die,1.537084
6589,amerika,0.411735
3098,ear,0.413138
4613,sigh,1.151046
390,middle,2.472942
746,auditorium,0.400286
1514,repeats,0.297075
6498,#millennials,0.550823
2213,yikes,0.234943
4575,perfect,0.511106
1486,old,1.059499
1361,reelected,0.242977
1332,pretty,2.040675
3450,faith,0.423035
1358,smh,1.013324
708,lame,0.433078
3867,#lame,0.340991
1000,hear,2.161894
5925,babbling,0.185016
104,#romney,6.520958
901,political,2.236491
1216,check,1.178882
4518,decent,1.071634
812,intro,0.591073
5359,pretend,0.336840
1258,latina,0.505123
1259,si,0.942274
2368,married,0.654720
2260,air,0.779553
3307,hour,0.638374
1061,bottom,1.360833
2647,somebody,0.468890
1896,hammer,0.424205
510,hold,0.660891
1520,lady,1.321687
4608,womp,0.522808
3268,#fashion,0.497547
287,seem,0.749846
3776,nite,0.334051
3889,dem,1.148248
2962,empleos,0.240977
5104,coincidence,0.369042
1613,hes,0.627560
3880,tone,0.941724
2682,mins,0.800055
1506,#decision2012,1.544419
3574,simple,0.947631
1598,record,0.966005
4950,continue,0.318646
1132,improvement,0.753574
1728,biggest,1.365014
333,pres,2.538982
2296,zinger,0.967542
6941,#trickledowngovernment,0.356855
805,hire,1.276185
754,realized,0.482747
344,end,0.298353
1688,role,0.858453
1706,yeah,0.988221
642,job,3.910910
885,pin,1.896053
4546,presidencial,0.445931
2675,finish,0.965446
124,full,1.581610
335,federal,0.546205
735,kind,1.266332
2599,swear,0.198898
1656,enjoying,0.309554
2984,non,0.330155
260,awkward,1.094677
2283,power,0.308792
759,red,3.158227
2119,companies,0.490471
1929,yrs,0.378298
3909,tim,0.222491
4077,prevent,0.266029
4028,actions,0.732343
1068,#tlot,0.707830
3000,convince,0.315184
3374,inherited,0.691251
1224,beginning,0.784064
1394,boxing,0.849636
573,#anniversary,0.495202
791,improving,0.617177
4430,mandate,0.256508
2333,joking,0.301337
4819,rap,0.737610
509,told,1.240653
569,woman,3.146241
4069,teaching,0.318009
4988,due,0.844046
2874,opinion,0.382461
1443,rhetoric,0.827051
2106,entertaining,0.633644
2107,method,0.700597
55,fixing,0.273362
3723,security,1.040762
750,force,0.658962
5734,performance,0.388501
221,#debate,4.497836
6295,tipo,0.616156
32,tell,0.920237
2406,ann,1.029994
1457,rough,0.749424
5088,por,1.051968
2138,lil,0.264024
2891,dollar,0.755470
8398,tree,0.836193
1885,unemployed,1.927278
2172,jk,0.251786
168,takes,0.275085
123,turn,3.376188
1935,wearing,1.695457
3002,relate,0.559496
4673,credit,0.887716
1269,#forwardnotback,0.444157
3812,eloquent,0.638298
590,else,0.968345
1504,hunger,0.250006
1190,rate,2.235751
75,let,3.141675
79,president's,1.523184
5336,group,0.733832
1794,democrats,1.348208
6923,loses,0.930990
506,fuckin,0.239083
514,republican,2.381307
536,decide,0.920581
643,words,1.415731
1796,sounding,0.495348
68,just,3.698072
5990,primer,0.893259
2150,joker,0.741755
184,racist,0.292806
2079,song,1.645070
1381,choice,1.162013
1915,trending,0.649431
1041,office,1.099370
2759,romneyryan,0.773016
1255,comercio,1.173495
2732,ones,0.526675
3654,re,0.490865
792,train,0.566018
1451,send,0.731013
561,minutes,1.231909
1179,usual,0.644196
1854,listen,0.996693
5230,dang,0.404947
5303,cheers,0.616322
2286,lights,0.946867
7056,surplus,0.571455
2205,amen,0.607494
908,shake,1.249444
3300,liberal,0.408116
5168,fill,0.680875
107,trickle,2.392092
1833,yr,0.287839
7816,civil,0.398202
2462,lost,1.747952
363,better,2.028138
2325,hard,0.783095
963,touching,0.818529
5497,blame,1.110517
1242,bs,1.366710
301,need,1.540008
2882,cleaning,0.599489
585,things,0.991904
999,presidency,1.083786
5906,assistance,0.689698
1725,phone,1.307712
2937,problems,0.559954
2316,n,0.455014
84,like,4.727564
1900,robot,1.279039
2175,ignorance,1.030755
5513,road,0.264723
1631,training,0.610121
953,rest,1.212252
1385,anniversaries,0.368136
281,year,2.154088
25,think,2.013263
671,hope,2.457991
2225,talked,0.357088
219,getting,2.572127
1849,forced,0.390957
743,asking,0.882024
2887,grabbed,0.515128
996,growing,0.775321
4096,houses,0.990814
1694,celebrate,0.959639
4614,struck,0.782061
2856,visuals,0.464047
4977,sets,0.664571
4882,throws,0.345894
1745,dan,0.969894
3187,component,0.211238
1177,cry,0.868066
2048,que,1.824341
5620,livestream,0.510106
2011,se,0.954381
6849,breathy,1.011480
372,choose,1.286928
373,#presdebate,0.711464
1181,basic,0.826203
4978,embrace,0.423934
3709,#brobama,0.993173
4781,empty,0.730921
187,watching,3.002834
3463,grab,0.792170
2356,popcorn,0.795025
3085,thanking,0.321075
5594,action,0.350220
2123,#usa,0.447226
1256,con,0.749557
1257,amrica,0.991123
21,get,6.435659
1617,matrix,0.720885
753,dodged,0.696635
482,changed,0.674479
483,mind,0.618441
1442,form,0.998267
1943,shorter,0.513163
6777,opener,0.741574
28,lol,2.549467
1035,putting,0.697518
2450,child,0.925826
7624,convo,0.350453
3491,stump,0.190519
435,young,0.875064
1653,annoyed,0.292032
2846,imagined,0.334336
764,awe,0.176370
1666,honey,0.479588
550,makes,2.796693
4719,yankees,0.571496
257,poor,0.986644
6846,mine,0.323880
676,economic,3.407038
4754,c'mon,0.351844
1064,paid,0.584406
827,filter,0.332772
4687,purple,0.709755
1978,call,2.963453
1209,listening,0.432907
5545,single,0.764346
1198,zingers,1.235037
1056,thank,1.910356
4668,doin,0.393048
2312,vague,1.455452
2901,eff,0.711901
3718,yous,0.565719
3813,afraid,0.256793
1045,supposed,1.245206
1591,chance,0.714479
2548,imma,0.301074
199,please,2.888156
3283,remind,0.493618
608,de,4.652636
5553,teenager,0.677450
378,forgot,0.795501
3624,bob,0.407294
3640,ahead,0.650073
2210,republicans,0.491739
3953,hitting,0.307085
310,ur,1.853847
228,domestic,1.167091
227,discuss,0.364669
4794,hashtag,0.914194
2837,feed,0.430653
377,obamas,1.689108
308,twitter,2.624412
347,bullshit,0.494197
3715,aww,0.462485
470,smart,1.620198
2169,kiss,0.422637
3425,hole,0.507501
2075,okay,0.671850
1040,pick,0.605302
1647,um,0.620651
1664,silent,0.324151
626,da,0.499171
3245,sucks,0.629416
4811,mujeres,1.000000
2926,bored,0.368976
4903,loan,0.580140
1052,fist,0.466909
2866,flat,1.230077
740,came,0.836893
1925,lower,1.727834
133,working,0.563831
1888,examples,0.763960
343,might,0.908473
2305,hood,0.516075
884,flag,2.252929
680,deal,0.631169
3711,shouts,0.213616
108,economics,0.846258
5805,#nerd,0.302404
5459,aniversario,0.454971
188,tho,0.458840
1994,today,0.848262
3,president,5.778207
2936,faces,0.780923
831,making,2.089958
1924,falls,0.415538
2297,reading,0.562680
4656,attacked,0.481738
4881,keystone,0.694101
1290,count,0.613517
4030,#fail,0.599882
2081,shouted,0.221739
1946,grey,0.340415
306,world,1.294140
1445,audience,2.366948
1641,democratic,0.279171
488,pulled,0.437035
489,classic,0.525928
5436,square,0.488516
5891,australia,0.278965
7732,eeuu,0.524986
204,zing,0.355224
1220,double,1.000618
1180,thru,1.298562
1820,makeup,1.295874
3804,touts,0.630232
1836,made,2.119452
1362,acknowledge,0.219903
294,coordinated,0.367176
1534,thoughts,0.690035
1438,list,0.479671
3077,hit,0.611994
251,back,3.307550
4164,dials,0.277727
2135,acknowledges,0.296869
1073,entire,0.781659
311,life,1.462901
1906,half,0.932707
601,fake,1.575828
5598,phony,0.248119
3424,cutest,0.683552
43,imagine,0.364647
1751,debat,0.750900
1753,presiden,1.623446
1752,kandidat,0.863769
2723,#debatedenver,1.761542
5837,dirt,0.398510
1816,glad,0.241364
862,eyes,1.838304
6339,bother,0.208521
1431,blood,0.441697
233,sounds,1.346876
237,answer,2.676322
3724,details,1.653137
151,become,0.409292
798,popular,1.055944
3025,horrible,0.793766
6459,ye,0.365010
4124,#crnc,0.555610
3108,lake,0.596617
2122,informed,1.856883
2055,luck,0.476171
414,y,1.861646
5986,blog,0.186504
1703,barry,0.314468
3296,moderate,0.700019
2379,rick,0.275278
5,last,2.609372
925,tried,0.491030
3790,lick,0.663280
627,white,0.823258
3911,success,0.970935
4894,unpatriotic,0.787355
1232,everything,0.647078
469,election,1.186631
7353,tack,0.830913
3869,systems,0.326524
640,failed,1.312946
706,team,0.725554
1475,soo,0.436534
276,begun,1.152482
5730,hub,1.000000
1767,fit,0.410525
2757,confront,0.205114
7602,network,0.270843
6148,podiums,0.240933
6061,appear,0.897191
1502,spinning,0.828685
3218,increased,1.121458
972,explain,0.487057
1425,wtf,0.964054
1889,failures,0.490251
2799,born,0.652520
77,husband,0.580523
4717,message,0.324378
1287,#cnn,0.653046
3474,liked,0.393220
639,prices,0.622332
1400,ap,0.794694
962,may,0.545761
3841,glass,0.841810
3840,prison,0.465411
2942,trillion,1.104498
1578,mil,0.731986
159,next,2.102439
5050,ladies,1.357467
1587,tweet,1.018879
1509,began,0.936048
1525,min,0.618183
1121,showing,1.075783
1565,#president,0.540454
2088,sweetheart,0.488253
3665,common,0.410274
2673,pass,0.760453
2562,blink,0.464667
1324,act,0.490337
935,boring,0.935156
2500,route,0.518152
1973,#imhereivote,0.408889
1972,included,0.897180
518,trust,0.377099
1122,hands,2.001903
3800,cross,0.391889
433,guys,1.303131
3081,leg,0.334135
7007,kossacks,0.581526
7315,#mittsthetits,0.372663
7656,bite,0.509034
1671,fine,0.456331
922,based,0.471029
5948,slash,0.601704
1681,numbers,0.397472
4123,rebuttal,0.216197
6677,prep,0.189941
1860,math,1.944175
593,straight,0.612357
6,months,1.631834
2679,gray,0.555011
2413,orange,0.272569
3190,channels,0.385931
6836,traduzindo,0.676234
4689,laying,0.555208
1165,honesty,0.172009
2076,bell,0.266936
4354,expand,0.276613
979,dear,0.637788
1018,hot,1.177504
1114,channel,0.785054
2441,national,1.300110
3915,npr,0.647490
1691,supporting,0.588926
413,#ndaaruling,0.226055
1234,elected,0.540038
5503,box,0.264344
715,homework,0.876965
6893,trained,0.296468
3720,#funny,0.209209
723,decided,0.392437
356,nice,2.077951
3139,neighbor,0.230337
3599,kid,0.331885
3127,bringing,0.250979
1592,becoming,0.250378
6006,messed,0.240077
4688,indication,0.610279
3707,acknowledging,0.168437
3489,break,1.015012
3490,familiar,0.379404
3772,fed,0.795062
923,learning,0.715332
1558,nervous,0.936142
2009,comienza,0.292827
85,obama's,4.994029
2221,dice,1.188657
5111,#presidential,0.210587
315,works,0.347436
1171,truth,0.335501
741,baby,1.434815
2310,segments,0.477161
2833,gas,0.802108
3003,proposed,0.471103
3014,crips,0.395185
3492,q,0.624774
3414,turned,0.346466
4466,gained,0.265988
2012,mano,0.371127
2298,matters,0.229916
5617,wont,1.094388
1380,voz,0.329906
589,friends,1.164272
3248,hearts,0.260015
2818,sort,0.388681
807,video,0.664001
4080,educated,0.405934
3957,flirt,0.325606
5204,sides,0.338661
462,played,0.963593
2149,nicholson,0.529848
3278,stands,0.324833
4813,planned,0.376597
749,lehrer,1.466693
1975,promises,0.696404
3642,relaxed,0.731923
3447,switch,0.532157
2350,proud,0.432432
865,substance,0.591108
1054,major,2.160794
1461,opened,0.217733
4544,light,0.540539
4910,votes,0.419823
361,hmmm,0.607249
3205,#lnyhbt,0.414300
576,means,1.096588
737,retarded,0.330124
4196,provide,0.236890
89,least,1.140475
2484,favorite,0.732954
2738,debator,0.793301
5158,chose,0.547705
349,tv,2.789407
5405,fans,1.119837
806,show,2.207545
8063,lmaoooooo,0.244462
6098,pressure,0.284492
1844,deny,0.686783
1693,pipeline,0.757312
117,past,1.010805
1140,noise,0.672994
2451,meet,0.449187
4320,hisses,0.785897
2146,crappy,0.586547
1604,cuz,0.527471
2436,swinging,0.268809
2478,#snark,0.419744
3728,depends,0.401207
135,living,0.984322
4889,topic,1.021176
6163,wave,0.468543
334,believes,0.620099
248,auto,0.266402
480,brought,0.234338
2125,united,0.601808
2158,response,0.383568
5690,funnier,0.647805
1505,games,0.638886
2899,viable,0.898191
621,food,0.714471
5334,computer,0.432827
2202,tender,0.980432
359,discusses,0.780114
556,black,1.833030
1474,wondering,0.761455
2269,uhn,0.626713
2270,x,0.728931
15,politics,1.861109
2271,factor,1.034703
461,figured,0.171495
1225,taken,0.661723
1373,revealed,0.161903
3739,format,0.727437
538,money,2.068780
3708,angry,0.600645
429,spent,0.831250
5991,vivo,0.612149
353,feel,1.566725
5995,watchin,0.374687
4551,ambos,0.351487
1954,caught,0.502846
5051,gentlemen,0.701884
2616,gangsta,0.181275
1199,whole,1.446470
1426,trade,0.477488
4489,crisis,0.587560
5418,citizen,0.785405
1544,thinks,0.932787
5419,#democracy,0.438145
2257,heroin,1.230029
225,d,0.442782
2609,outs,0.496441
1112,difference,0.360380
6160,sweetness,0.536331
4693,resilience,0.240349
247,lie,1.628060
1001,shot,0.438661
3561,finding,0.344352
4864,lover,0.390657
3614,replaced,0.979872
1937,microphone,0.372960
2848,lied,0.282603
1427,free,1.542529
337,charge,0.384029
2348,find,0.718527
4809,durante,0.302721
2666,round,0.683421
1330,write,1.281100
411,fat,0.785937
4555,describes,0.525490
6348,brownie,0.270576
4556,grabbing,0.506033
2907,#republican,0.851902
1347,fucked,0.634312
2365,online,1.350964
7145,willard,0.394726
164,shoutout,1.193252
4254,horns,0.351480
1999,bat,0.997542
4795,politician,1.211370
2166,dance,0.355534
110,cuts,0.766774
1143,beer,0.478882
1750,dalam,0.315584
96,#2012debate,0.815843
1223,emotional,0.825314
3375,pivots,0.451277
1962,focused,0.332175
843,try,0.700065
2927,hours,0.768604
2311,governing,0.440817
5910,leads,0.900467
1301,anniversaire,0.586842
1352,#solyndra,0.469213
2980,ha,0.721132
1309,clbrer,1.351452
6438,practiced,0.542514
1037,dirty,0.620155
2573,reality,0.814012
5753,heavy,0.383784
1094,body,0.183455
49,wish,0.849954
1496,bo,0.689657
851,asks,0.392870
1513,remark,0.241379
579,commence,0.271723
1884,talent,0.575032
4403,texas,1.092355
3583,flotus,0.193622
5835,#mittens,0.432118
4381,birth,1.018845
1734,#copolitics,0.294371
1131,pointing,0.597211
1579,spots,1.217538
3855,late,0.740408
388,focusing,0.512481
1846,spot,0.991427
910,thinking,0.260936
2443,previous,0.366578
1538,niggas,1.056935
1714,later,0.310671
4203,fall,1.002311
793,laughed,0.476989
163,giving,1.627796
3842,lord,0.292575
1634,speaks,0.165211
2313,begin,1.097394
4190,considered,0.498688
3458,#2012presidentialdebate,0.939617
727,mason,0.752889
288,meeting,0.592469
365,huge,0.617697
4097,reasons,0.296408
6029,nod,0.522763
423,using,0.944570
2397,fingers,0.317882
1142,apply,0.787662
8265,reunion,0.239853
412,month,0.576706
3500,views,0.849942
2564,gate,0.496037
592,long,0.929279
4622,addressing,0.175948
707,#romney2012,0.740079
742,arms,1.025345
3063,#obamagang,0.463655
4771,pray,0.372580
1903,tl,0.166990
5093,donde,0.480878
3270,lips,0.406071
2431,risen,0.204853
6349,#flotus,0.333072
2220,vamos,1.014241
6099,cooler,0.272631
6951,exciting,0.639285
2982,#factcheck,0.782226
1733,jokes,0.522086
928,worked,0.202870
4748,gunna,0.368780
5525,sticking,0.267407
833,differences,0.770465
3197,pool,0.352751
4852,ed,0.701941
767,special,0.545325
2572,certificate,0.716663
4429,picturing,0.594499
3284,snl,0.543679
3518,quality,0.563737
1727,investment,0.371083
1237,b,0.534765
1468,continues,0.198321
2254,shirt,0.983941
1057,discussing,0.270303
1250,code,1.372410
1083,tonight's,0.848199
1036,weeks,0.828321
3058,e,0.917495
2671,prob,0.567876
761,gon,0.459184
3577,fly,0.475597
1059,tactic,0.582848
59,#electionclass,0.363220
7318,hawaii,0.215809
6227,perry,0.254439
283,dont,0.318111
2247,attack,0.435355
2680,hairs,0.514751
3089,libertarian,1.029617
1883,priorities,0.250556
3830,quiet,0.542761
1698,decision,0.320438
1329,paper,0.641145
526,explaining,0.267526
3748,#romantic,0.197221
2390,walk,1.000000
574,exactly,1.259818
2161,lowkey,0.783477
2162,roast,0.534615
1025,#romney's,0.218199
3594,voucher,0.311669
3595,dc,0.649092
1195,nation,0.224293
3537,crook,0.279977
7540,fails,0.480373
587,tune,0.701809
4691,#ajstream,0.520469
1470,whisper,0.193838
2835,helped,0.218788
4054,funding,0.492619
2056,et,0.543047
2640,attention,0.816206
7767,canned,0.541050
4621,entered,0.479945
719,address,0.386540
1882,television,0.427958
941,saturday,0.460609
5438,highest,0.382528
2709,huh,1.173670
3437,backdrop,0.554470
3663,delicious,0.463834
2019,easy,0.465376
1901,dunes,0.818890
2997,track,0.383805
2584,share,0.441345
8112,healthy,0.578257
5148,accuses,0.356433
4715,citizens,0.282542
37,person,1.027336
345,smell,1.172906
4303,kool,0.335773
201,prez,0.945245
357,interesting,0.838043
3319,een,1.016918
152,democrat,0.167602
4975,dubbed,1.000000
2472,kicks,0.167263
5027,brilliant,1.146815
5028,pivot,0.390146
1409,father,0.643889
264,market,0.503829
2755,setting,0.850840
3116,worker,0.390429
5885,appears,0.654778
3277,managers,0.796263
3445,goals,0.328669
5788,hometown,0.328323
5933,#fourmoreyears,0.502752
5080,bold,0.776772
3352,ugh,0.555922
3104,alamo,0.784500
4306,noodles,1.051417
4307,dinner,0.801578
5618,rally,0.238892
4627,#sensata,0.180679
5801,trouble,0.567556
362,#voterit,0.454770
3060,rumble,0.163805
938,waiting,0.441572
446,side,0.665442
3336,announce,0.239437
3337,marijuana,0.446787
1398,moving,0.651835
768,suck,0.186947
93,notice,0.827665
817,indicate,0.324493
3045,counting,0.778231
1247,addresses,0.316935
1922,bull,0.608502
5077,colors,0.534498
7128,surprise,0.164931
2352,sharp,0.552330
2552,option,0.438036
2884,stayed,0.447196
6449,gents,0.372138
2032,vice,0.402319
1571,lmfao,0.560103
342,wins,0.895476
5901,#liblies,0.259038
5937,emotion,0.442446
3828,acknowledged,0.188598
3796,tonights,0.279210
3171,#youtubepolitics,0.620530
2381,memorized,0.407731
2382,#zinger,1.030587
5584,killin,0.662021
2473,confidence,0.528762
1376,michele,0.368556
136,poverty,0.373080
2015,ahora,0.757191
2016,debaten,0.930870
3259,informative,0.422801
7600,thrown,0.253056
4180,avoiding,0.234264
1528,page,0.456705
2550,fool,0.360940
1842,#o,0.165459
1606,nameless,0.367930
7874,ora,1.000000
5364,understands,0.248340
7216,admin,0.556645
6604,#support,0.712466
307,bye,0.305104
2892,pie,0.468797
2593,sold,0.383735
4162,spike,0.765057
563,#vote,0.181356
657,concerned,0.195260
3750,mouths,0.202870
5451,#obamavsromney,0.493555
5491,style,0.600953
1353,issue,0.413772
1927,#tax,0.925086
2875,propaganda,0.449047
2858,compassion,0.450980
3113,dey,0.192123
2692,web,0.509540
2691,broadcast,0.532396
542,kids,0.437020
3765,representing,0.467168
4261,illuminati,0.603631
1336,mormon,0.514288
2756,table,0.491293
664,worst,0.463672
217,notes,0.769322
5911,#respect,0.795939
6972,fail,0.284473
7853,burnin,0.692037
5268,cell,0.427392
2137,sounded,0.473919
3369,youth,0.801456
5755,shits,0.278610
744,bought,0.303642
7193,picked,0.537155
2021,strategy,0.550610
7356,colorado,0.300784
1907,none,0.361856
1717,botox,0.518108
2355,reach,0.456361
6430,http,0.537324
4363,graduating,0.183214
5597,babe,0.487713
2543,welcome,0.670834
5847,whispering,0.556734
5301,necessary,0.223477
48,#awkward,0.177144
2004,van,1.024535
1576,curious,0.318970
1006,cold,0.530900
6056,effective,0.574976
2226,valid,0.169913
4158,negro,0.349340
3498,responses,0.519413
2148,jack,0.234641
4282,statements,0.244621
7783,awww,0.506485
1495,literally,0.195316
1456,geez,0.543376
2574,hi,0.152537
3727,socialism,0.513857
2720,reference,0.585764
4188,conference,0.541553
74,ring,0.508802
1754,di,0.639542
3001,m,0.170028
7177,cough,1.000000
3313,je,0.458805
3582,mentioning,0.357687
4607,wom,0.238777
926,investing,1.085772
3019,dvr,0.205513
8393,boos,0.260867
1784,crazy,0.452502
2629,diff,0.437781
1581,proposal,0.444001
5404,#nascar,0.494472
4187,slc,0.579302
2097,referring,0.235627
7017,quote,0.319826
2209,enormous,0.924470
5656,fellas,0.339150
2542,warm,0.657714
2153,slipping,0.357464
7058,boredom,0.305688
848,boss,0.212398
3390,#cspan2012,0.287799
5874,conspiracy,0.424765
4873,#vftcdebate,0.220351
4355,seat,0.553180
6069,reminder,0.201587
3580,#obama's,0.248602
2577,member,0.479872
613,son,0.272746
7168,qs,0.563120
1107,tired,0.257227
2653,whoot,1.000000
1348,supporters,0.538939
447,eye,0.363170
5086,section,0.283975
305,knew,0.262725
82,y'all,0.355315
4368,#merica,0.159442
2764,reason,0.158438
8101,faggot,0.196527
633,chris,0.181233
669,ew,0.187245
2928,hacking,0.363049
7335,#lmao,0.209816
1859,saving,0.290310
4002,concern,0.159442
7618,luke,1.000000
5921,sophistication,1.000000
2403,occasion,1.000000
8003,mistake,0.644044
3318,maar,0.662561
6034,vented,0.576281
5649,bombing,1.000000
